<ehcache xmlns:xsi="http://www.w3.org/2001/XMLSchema-instance"
	xsi:noNamespaceSchemaLocation="ehcache.xsd" updateCheck="true"
	monitoring="autodetect" dynamicConfig="true">

	<diskStore path="java.io.tmpdir" />

	<cache name="usersCache" 
			maxEntriesLocalHeap="10000"
			maxEntriesLocalDisk="1000" 
			eternal="false" 
			diskSpoolBufferSizeMB="20"
			timeToIdleSeconds="500" 
			timeToLiveSeconds="600"
			memoryStoreEvictionPolicy="LRU" 
			transactionalMode="off"
			statistics="true">
		<persistence strategy="none" />
	</cache>

		
	<!-- 	Sample cache named sampleCache1 This cache contains a maximum in memory 
		of 10000 elements, and will expire an element if it is idle for more than 
		5 minutes and lives for more than 10 minutes. If there are more than 10000 
		elements it will overflow to the disk cache, which in this configuration 
		will go to wherever java.io.tmp is defined on your system. On a standard 
		Linux system this will be /tmp" 
		
	<cache name="usersCache" 
			maxEntriesLocalHeap="10000"
			maxEntriesLocalDisk="1000" 
			eternal="false" 
			diskSpoolBufferSizeMB="20"
			timeToIdleSeconds="300" 
			timeToLiveSeconds="600"
			memoryStoreEvictionPolicy="LFU" 
			transactionalMode="off">
		<persistence strategy="none" />
	</cache>
	
	Sample cache named sampleCache2 This cache has a maximum of 1000 elements 
		in memory. There is no overflow to disk, so 1000 is also the maximum cache 
		size. Note that when a cache is eternal, timeToLive and timeToIdle are not 
		used and do not need to be specified.
		
	<cache name="usersCache" 
			maxEntriesLocalHeap="1000" 
			eternal="true"
			memoryStoreEvictionPolicy="FIFO" />
			
	Sample cache named sampleCache3. This cache overflows to disk. The 
		disk store is persistent between cache and VM restarts. The disk expiry thread 
		interval is set to 10 minutes, overriding the default of 2 minutes.
		
	<cache name="usersCache" 
			maxEntriesLocalHeap="500" 
			eternal="false"
			overflowToDisk="true" 
			diskPersistent="true" 
			timeToIdleSeconds="300"
			timeToLiveSeconds="600" 
			diskExpiryThreadIntervalSeconds="1"
			memoryStoreEvictionPolicy="LFU"></cache>
			
	Sample copy on both read and write cache named copyCache using the 
		default (explicitly configured here as an example) ReadWriteSerializationCopyStrategy 
		class could be any implementation of net.sf.ehcache.store.compound.CopyStrategy
		
	<cache name="usersCache" 
			maxEntriesLocalHeap="500" 
			eternal="false"
			timeToIdleSeconds="300" 
			timeToLiveSeconds="600"
			diskExpiryThreadIntervalSeconds="1" 
			copyOnRead="true" 
			copyOnWrite="true">
		<copyStrategy
			class="net.sf.ehcache.store.compound.ReadWriteSerializationCopyStrategy" />
	</cache> -->


</ehcache>