<?xml version="1.0" encoding="UTF-8"?>
<!DOCTYPE xml>
<configuration>
    <!-- Need appender to write to file -->
    <appender name="FILE"
        class="ch.qos.logback.core.rolling.RollingFileAppender">

        <!-- ch.qos.logback.core.FileAppender Name of the file where the log messages
            are written -->
        <file>ClientLoginService.log</file>
        <encoder>
            <pattern>%d{HH:mm:ss.SSS} [%thread] %-5level %logger{36} - %msg%n
            </pattern>
        </encoder>
        <rollingPolicy class="ch.qos.logback.core.rolling.TimeBasedRollingPolicy">
            <!-- rollover daily -->
            <fileNamePattern>/logs/ClientLoginService.%d{yyyy-MM-dd}.%i.log
            </fileNamePattern>
            <timeBasedFileNamingAndTriggeringPolicy
                class="ch.qos.logback.core.rolling.SizeAndTimeBasedFNATP">
                <maxFileSize>10MB</maxFileSize>
            </timeBasedFileNamingAndTriggeringPolicy>
        </rollingPolicy>

    </appender>

    <appender name="STDOUT" class="ch.qos.logback.core.ConsoleAppender">
        <!-- Log message format -->
        <encoder>
            <pattern>%d{HH:mm:ss.SSS} [%thread] %-5level %logger{36} - %msg%n
            </pattern>
        </encoder>
    </appender>

    <logger name="com.openmatics.omob.clientlogin" level="info">
        <appender-ref ref="FILE" />
    </logger>

    <!-- Setting the root level of logging to INFO -->
    <root level="info">
        <appender-ref ref="STDOUT" />
    </root>

</configuration>
